<?xml version="1.0" encoding="UTF-8"?>
<QALCULATE version="0.9.4">
  <category>
    <title>Currency</title>
    <title xml:lang="nl">Valuta</title>
    <title xml:lang="sv">Valuta</title>
    <title xml:lang="zh_CN">货币</title>
    <builtin_unit name="EUR">
      <title>European Euros</title>
      <title xml:lang="nl">Europese euro</title>
      <title xml:lang="sv">Euro</title>
      <title xml:lang="zh_CN">欧元</title>
      <names>ar:EUR,au:&#x20AC;,euro,p:euros</names>
      <names xml:lang="sv">a:EUR,au:&#x20AC;,euro</names>
      <names xml:lang="zh_CN">ar:EUR,au:&#x20AC;,欧元</names>
    </builtin_unit>
    <builtin_unit name="USD">
      <title>U.S. Dollars</title>
      <title xml:lang="nl">U.S. dollar</title>
      <title xml:lang="sv">Amerikanska dollar</title>
      <title xml:lang="zh_CN">美元</title>
      <names>a:$,ar:USD,dollar,p:dollars</names>
      <names xml:lang="sv">a:$,a:USD,dollar</names>
      <names xml:lang="zh_CN">a:$,ar:USD,美元</names>
    </builtin_unit>
    <builtin_unit name="JPY">
      <title>Japanese Yen</title>
      <title xml:lang="nl">Japanse yen</title>
      <title xml:lang="sv">Japanska yen</title>
      <title xml:lang="zh_CN">日元</title>
      <names>ar:JPY,au:&#xA5;,yen</names>
      <names xml:lang="zh_CN">ar:JPY,au:&#xA5;,日元</names>
    </builtin_unit>
    <builtin_unit name="DKK">
      <title>Danish Kroner</title>
      <title xml:lang="nl">Deense kroon</title>
      <title xml:lang="sv">Danska kronor</title>
      <title xml:lang="zh_CN">丹麦Kroner</title>
      <names>ar:DKK</names>
      <names xml:lang="zh_CN">ar:DKK</names>
    </builtin_unit>
    <builtin_unit name="GBP">
      <title>British Pounds</title>
      <title xml:lang="nl">Britse Pond</title>
      <title xml:lang="sv">Brittiska pund</title>
      <title xml:lang="zh_CN">英镑</title>
      <names>ar:GBP,au:&#xA3;</names>
      <names xml:lang="zh_CN">ar:GBP,au:&#xA3;</names>
    </builtin_unit>
    <builtin_unit name="THB">
      <title>Thai Baht</title>
      <names>ar:THB</names>
      <names xml:lang="zh_CN">ar:THB</names>
    </builtin_unit>
    <builtin_unit name="SEK">
      <title>Swedish Krona</title>
      <title xml:lang="nl">Zweedse kroon</title>
      <title xml:lang="sv">Svenska kronor</title>
      <title xml:lang="zh_CN">瑞典克郎</title>
      <names>ar:SEK</names>
      <names xml:lang="sv">a:kr,a:SEK,krona,p:kronor</names>
      <names xml:lang="zh_CN">ar:SEK</names>
    </builtin_unit>
    <builtin_unit name="CHF">
      <title>Swiss Francs</title>
      <title xml:lang="nl">Zwitserse franc</title>
      <title xml:lang="sv">Schweizerfranc</title>
      <title xml:lang="zh_CN">瑞士法郎</title>
      <names>ar:CHF</names>
      <names xml:lang="zh_CN">ar:CHF</names>
    </builtin_unit>
    <builtin_unit name="ISK">
      <title>Icelandic Krona</title>
      <title xml:lang="nl">IJslandse kroon</title>
      <title xml:lang="sv">Isländska kronor</title>
      <title xml:lang="zh_CN">冰岛克朗</title>
      <names>ar:ISK</names>
      <names xml:lang="zh_CN">ar:ISK</names>
    </builtin_unit>
    <builtin_unit name="NOK">
      <title>Norwegian Kroner</title>
      <title xml:lang="nl">Noorse kroon</title>
      <title xml:lang="sv">Norska kronor</title>
      <title xml:lang="zh_CN">挪威Kroner</title>
      <names>ar:NOK</names>
      <names xml:lang="zh_CN">ar:NOK</names>
    </builtin_unit>
    <builtin_unit name="BGN">
      <title>Bulgarian Lev</title>
      <title xml:lang="nl">Bulgaarse Lev</title>
      <title xml:lang="sv">Bulgariska lev</title>
      <title xml:lang="zh_CN">保加利亚列弗</title>
      <names>lev,ar:BGN</names>
      <names xml:lang="zh_CN">lev,ar:BGN</names>
    </builtin_unit>
    <builtin_unit name="RUB">
      <title>Russian Ruble</title>
      <title xml:lang="nl">Russische roebel</title>
      <title xml:lang="sv">Ryska rubel</title>
      <title xml:lang="zh_CN">俄罗斯卢布</title>
      <names>ar:RUB,ruble</names>
      <names xml:lang="nl">RUB,roebel</names>
      <names xml:lang="sv">a:RUB,rubel</names>
      <names xml:lang="zh_CN">ar:RUB,卢布</names>
    </builtin_unit>
    <builtin_unit name="PHP">
      <title>Philippine Peso</title>
      <names>ar:PHP</names>
      <names xml:lang="zh_CN">ar:PHP</names>
    </builtin_unit>
    <builtin_unit name="MYR">
      <title>Malaysian Ringgit</title>
      <title xml:lang="nl">Maleisische ringgit</title>
      <title xml:lang="sv">Malaysiska ringgit</title>
      <title xml:lang="zh_CN">马来西亚林吉特</title>
      <names>ar:MYR</names>
      <names xml:lang="zh_CN">ar:MYR</names>
    </builtin_unit>
    <builtin_unit name="HRK">
      <title>Croatian Kuna</title>
      <title xml:lang="nl">Kroatische kuna</title>
      <title xml:lang="sv">Kroatiska kuna</title>
      <title xml:lang="zh_CN">克罗地亚</title>
      <names>ar:HRK</names>
      <names xml:lang="zh_CN">ar:HRK</names>
    </builtin_unit>
    <builtin_unit name="CNY">
      <title>Yuan Renminbi (PR China)</title>
      <names>ar:CNY</names>
      <names xml:lang="zh_CN">ar:CNY</names>
    </builtin_unit>
    <builtin_unit name="IDR">
      <title>Indonesian Rupiah</title>
      <title xml:lang="nl">Indonesische roepiah</title>
      <title xml:lang="sv">Indonesiska rupiah</title>
      <title xml:lang="zh_CN">印尼卢比</title>
      <names>ar:IDR</names>
      <names xml:lang="zh_CN">ar:IDR</names>
    </builtin_unit>
    <builtin_unit name="CYP">
      <title>Cypriot Pound</title>
      <title xml:lang="nl">Cypriotische pond</title>
      <title xml:lang="sv">Cypriotiska pund</title>
      <title xml:lang="zh_CN">塞浦路斯镑</title>
      <names>ar:CYP</names>
      <names xml:lang="zh_CN">ar:CYP</names>
    </builtin_unit>
    <builtin_unit name="CZK">
      <title>Czech Koruna</title>
      <title xml:lang="nl">Tsjechische kroon</title>
      <title xml:lang="sv">Tjeckiska koruna</title>
      <title xml:lang="zh_CN">捷克克朗</title>
      <names>ar:CZK</names>
      <names xml:lang="zh_CN">ar:CZK</names>
    </builtin_unit>
    <builtin_unit name="EEK">
      <title>Estonian Kroon</title>
      <title xml:lang="nl">Estlandse kroon</title>
      <title xml:lang="sv">Estoniska kroon</title>
      <title xml:lang="zh_CN">爱沙尼亚克鲁恩</title>
      <names>ar:EEK</names>
      <names xml:lang="zh_CN">ar:EEK</names>
    </builtin_unit>
    <builtin_unit name="HUF">
      <title>Hungarian Forint</title>
      <title xml:lang="nl">Hongaarse forint</title>
      <title xml:lang="sv">Ungerska forint</title>
      <title xml:lang="zh_CN">匈牙利福林</title>
      <names>forint,ar:HUF</names>
      <names xml:lang="zh_CN">forint,ar:HUF</names>
    </builtin_unit>
    <builtin_unit name="LTL">
      <title>Lithuanian Lit</title>
      <title xml:lang="nl">Litouwse lit</title>
      <title xml:lang="sv">Litauiska lit</title>
      <title xml:lang="zh_CN">立陶宛Lit</title>
      <names>lit,ar:LTL</names>
      <names xml:lang="zh_CN">lit,ar:LTL</names>
    </builtin_unit>
    <builtin_unit name="LVL">
      <title>Latvian Lat</title>
      <title xml:lang="nl">Letlandse lat</title>
      <title xml:lang="sv">Lettiska lat</title>
      <title xml:lang="zh_CN">拉脱维亚 Lat</title>
      <names>lat,ar:LVL</names>
      <names xml:lang="zh_CN">lat,ar:LVL</names>
    </builtin_unit>
    <builtin_unit name="MTL">
      <title>Maltese Lira</title>
      <title xml:lang="nl">Maltese Lira</title>
      <title xml:lang="sv">Maltesiska lire</title>
      <title xml:lang="zh_CN">马耳他里拉</title>
      <names>ar:MTL</names>
      <names xml:lang="zh_CN">ar:MTL</names>
    </builtin_unit>
    <builtin_unit name="PLN">
      <title>Polish Zloty</title>
      <title xml:lang="nl">Poolse zloty</title>
      <title xml:lang="sv">Polska zloty</title>
      <title xml:lang="zh_CN">波兰兹罗提</title>
      <names>zloty,ar:PLN</names>
      <names xml:lang="zh_CN">zloty,ar:PLN</names>
    </builtin_unit>
    <builtin_unit name="RON">
      <title>Romanian New Leu</title>
      <title xml:lang="nl">Nieuwe Roemeense leu</title>
      <title xml:lang="sv">Rumänska nya leu</title>
      <title xml:lang="zh_CN">罗马尼亚新Leu</title>
      <names>leu,ar:RON</names>
      <names xml:lang="zh_CN">leu,ar:RON</names>
    </builtin_unit>
    <builtin_unit name="SIT">
      <title>Slovenian Tolar</title>
      <title xml:lang="nl">Sloveense tolar</title>
      <title xml:lang="sv">Slovenska tolar</title>
      <title xml:lang="zh_CN">斯洛文尼亚Tolar</title>
      <names>tolar,ar:SIT</names>
      <names xml:lang="zh_CN">tolar,ar:SIT</names>
    </builtin_unit>
    <builtin_unit name="SKK">
      <title>Slovakian Koruna</title>
      <title xml:lang="nl">Slowaakse kroon</title>
      <title xml:lang="sv">Slovakiska koruna</title>
      <title xml:lang="zh_CN">斯洛伐克Koruna</title>
      <names>ar:SKK</names>
      <names xml:lang="zh_CN">ar:SKK</names>
    </builtin_unit>
    <builtin_unit name="TRY">
      <title>Turkish New Lira</title>
      <title xml:lang="nl">Nieuwe Turkse lire</title>
      <title xml:lang="sv">Turkiska nya lira</title>
      <title xml:lang="zh_CN">土耳其新里拉</title>
      <names>ar:TRY</names>
      <names xml:lang="zh_CN">ar:TRY</names>
    </builtin_unit>
    <builtin_unit name="AUD">
      <title>Australian Dollars</title>
      <title xml:lang="nl">Australische dollar</title>
      <title xml:lang="sv">Australiensiska dollar</title>
      <title xml:lang="zh_CN">澳大利亚元</title>
      <names>ar:AUD</names>
      <names xml:lang="zh_CN">ar:AUD</names>
    </builtin_unit>
    <builtin_unit name="CAD">
      <title>Canadian Dollars</title>
      <title xml:lang="nl">Canadese dollar</title>
      <title xml:lang="sv">Kanadensiska dollar</title>
      <title xml:lang="zh_CN">加拿大元</title>
      <names>ar:CAD</names>
      <names xml:lang="zh_CN">ar:CAD</names>
    </builtin_unit>
    <builtin_unit name="HKD">
      <title>Hong Kong Dollars</title>
      <title xml:lang="nl">Hongkong dollar</title>
      <title xml:lang="sv">Hong Kong dollar</title>
      <title xml:lang="zh_CN">港币</title>
      <names>ar:HKD</names>
      <names xml:lang="zh_CN">ar:HKD</names>
    </builtin_unit>
    <builtin_unit name="NZD">
      <title>New Zealand Dollars</title>
      <title xml:lang="nl">Nieuwzeelandse dollar</title>
      <title xml:lang="sv">Nya Zeeländska dollar</title>
      <title xml:lang="zh_CN">新西兰元</title>
      <names>ar:NZD</names>
      <names xml:lang="zh_CN">ar:NZD</names>
    </builtin_unit>
    <builtin_unit name="SGD">
      <title>Singapore Dollars</title>
      <title xml:lang="nl">Singapore dollar</title>
      <title xml:lang="sv">Singaporedollar</title>
      <title xml:lang="zh_CN">新加坡元</title>
      <names>ar:SGD</names>
      <names xml:lang="zh_CN">ar:SGD</names>
    </builtin_unit>
    <builtin_unit name="KRW">
      <title>South Korean Won</title>
      <title xml:lang="nl">Zuid-Koreaanse won</title>
      <title xml:lang="sv">Sydkoreanska won</title>
      <title xml:lang="zh_CN">韩元</title>
      <names>ar:KRW</names>
      <names xml:lang="zh_CN">ar:KRW</names>
    </builtin_unit>
    <builtin_unit name="ZAR">
      <title>South African Rand</title>
      <title xml:lang="nl">Zuid-Afrikaanse rand</title>
      <title xml:lang="sv">Sydafrikanska rand</title>
      <title xml:lang="zh_CN">南非兰特</title>
      <names>ar:ZAR</names>
      <names xml:lang="zh_CN">ar:ZAR</names>
    </builtin_unit>
    <unit type="alias">
      <title>Euro Cent</title>
      <title xml:lang="nl">Eurocent</title>
      <title xml:lang="sv">Eurocent</title>
      <title xml:lang="zh_CN">欧元分</title>
      <names>r:eurocent,p:eurocents</names>
      <names xml:lang="nl">eurocent,eurocenten</names>
      <names xml:lang="sv">eurocent</names>
      <names xml:lang="zh_CN">r:欧元分</names>
      <base>
        <unit>EUR</unit>
        <relation>1/100</relation>
        <exponent>1</exponent>
      </base>
    </unit>
    <unit type="alias">
      <title>Cent (USD)</title>
      <title xml:lang="nl">Cent (USD)</title>
      <title xml:lang="sv">Cent (USD)</title>
      <title xml:lang="zh_CN">美分</title>
      <names>au:&#xA2;,r:cent,p:cents</names>
      <names xml:lang="nl">&#xA2;,cent,centen</names>
      <names xml:lang="sv">au:&#xA2;,cent</names>
      <names xml:lang="zh_CN">au:&#xA2;,r:美分</names>
      <base>
        <unit>USD</unit>
        <relation>1/100</relation>
        <exponent>1</exponent>
      </base>
    </unit>
    <unit type="alias">
      <title>Belgian Franc</title>
      <title xml:lang="nl">Belgische frank</title>
      <title xml:lang="sv">Belgiska franc</title>
      <title xml:lang="zh_CN">比利时法郎</title>
      <names>ar:BEF</names>
      <names xml:lang="zh_CN">ar:BEF</names>
      <base>
        <unit>EUR</unit>
        <relation>1/40.3399</relation>
        <exponent>1</exponent>
      </base>
    </unit>
    <unit type="alias">
      <title>Greek Drachma</title>
      <title xml:lang="nl">Griekse drachme</title>
      <title xml:lang="sv">Grekiska drachmer</title>
      <title xml:lang="zh_CN">希腊德拉马克</title>
      <names>ar:GRD</names>
      <names xml:lang="zh_CN">ar:GRD</names>
      <base>
        <unit>EUR</unit>
        <relation>1/340.750</relation>
        <exponent>1</exponent>
      </base>
    </unit>
    <unit type="alias">
      <title>French Franc</title>
      <title xml:lang="nl">Franse franc</title>
      <title xml:lang="sv">Franska franc</title>
      <title xml:lang="zh_CN">法国法郎</title>
      <names>ar:FRF,franc</names>
      <names xml:lang="zh_CN">ar:FRF,法郎</names>
      <base>
        <unit>EUR</unit>
        <relation>1/6.55957</relation>
        <exponent>1</exponent>
      </base>
    </unit>
    <unit type="alias">
      <title>Italian Lira</title>
      <title xml:lang="nl">Italiaanse lire</title>
      <title xml:lang="sv">Italienska lire</title>
      <title xml:lang="zh_CN">意大利里拉</title>
      <names>ar:ITL,lira</names>
      <names xml:lang="nl">ITL,lire</names>
      <names xml:lang="sv">ar:ITL,lire</names>
      <names xml:lang="zh_CN">ar:ITL,里拉</names>
      <base>
        <unit>EUR</unit>
        <relation>1/1936.27</relation>
        <exponent>1</exponent>
      </base>
    </unit>
    <unit type="alias">
      <title>Dutch Guilder</title>
      <title xml:lang="nl">Nederlandse gulden</title>
      <title xml:lang="sv">Nederländska gulden</title>
      <title xml:lang="zh_CN">荷兰盾</title>
      <names>ar:NLG,guilder</names>
      <names xml:lang="nl">NLG,gulden</names>
      <names xml:lang="sv">a:NLG,gulden</names>
      <names xml:lang="zh_CN">ar:NLG,guilder</names>
      <base>
        <unit>EUR</unit>
        <relation>1/2.20371</relation>
        <exponent>1</exponent>
      </base>
    </unit>
    <unit type="alias">
      <title>Portuguese Escudo</title>
      <title xml:lang="nl">Portugese escudo</title>
      <title xml:lang="sv">Portugisiska escudos</title>
      <title xml:lang="zh_CN">葡萄牙埃斯库多</title>
      <names>ar:PTE,escudo</names>
      <names xml:lang="zh_CN">ar:PTE,escudo</names>
      <base>
        <unit>EUR</unit>
        <relation>1/200.482</relation>
        <exponent>1</exponent>
      </base>
    </unit>
    <unit type="alias">
      <title>Deutsche Mark</title>
      <names>ar:DEM,mark</names>
      <names xml:lang="zh_CN">ar:DEM,马克</names>
      <base>
        <unit>EUR</unit>
        <relation>1/1.95583</relation>
        <exponent>1</exponent>
      </base>
    </unit>
    <unit type="alias">
      <title>Spanish Peseta</title>
      <title xml:lang="nl">Spaanse peseta</title>
      <title xml:lang="sv">Spanska pesetas</title>
      <title xml:lang="zh_CN">西班牙比塞塔</title>
      <names>ar:ESP,peseta,p:pesetas</names>
      <names xml:lang="zh_CN">ar:ESP,peseta,p:pesetas</names>
      <base>
        <unit>EUR</unit>
        <relation>1/166.386</relation>
        <exponent>1</exponent>
      </base>
    </unit>
    <unit type="alias">
      <title>Irish Pound</title>
      <title xml:lang="nl">Ierse pond</title>
      <title xml:lang="sv">Irländska pund</title>
      <title xml:lang="zh_CN">爱尔兰镑</title>
      <names>ar:IEP</names>
      <names xml:lang="zh_CN">ar:IEP</names>
      <base>
        <unit>EUR</unit>
        <relation>1/0.787564</relation>
        <exponent>1</exponent>
      </base>
    </unit>
    <unit type="alias">
      <title>Luxembourg Franc</title>
      <title xml:lang="nl">Luxemburgse frank</title>
      <title xml:lang="sv">Luxemburgfranc</title>
      <title xml:lang="zh_CN">卢森堡法郎</title>
      <names>ar:LUF</names>
      <names xml:lang="zh_CN">ar:LUF</names>
      <base>
        <unit>EUR</unit>
        <relation>1/40.3399</relation>
        <exponent>1</exponent>
      </base>
    </unit>
    <unit type="alias">
      <title>Austrian Schilling</title>
      <title xml:lang="nl">Oostenrijkse schilling</title>
      <title xml:lang="sv">Österrikiska schilling</title>
      <title xml:lang="zh_CN">奥地利先令</title>
      <names>ar:ATS,schilling</names>
      <names xml:lang="zh_CN">ar:ATS,先令</names>
      <base>
        <unit>EUR</unit>
        <relation>1/13.7603</relation>
        <exponent>1</exponent>
      </base>
    </unit>
    <unit type="alias">
      <title>Finnish Markka</title>
      <title xml:lang="nl">Finse mark</title>
      <title xml:lang="sv">Finska mark</title>
      <title xml:lang="zh_CN">芬兰马克</title>
      <names>ar:FIM,markka</names>
      <names xml:lang="zh_CN">ar:FIM,markka</names>
      <base>
        <unit>EUR</unit>
        <relation>1/5.94573</relation>
        <exponent>1</exponent>
      </base>
    </unit>
  </category>
</QALCULATE>