<?xml version="1.0" encoding="UTF-8"?>
<QALCULATE version="0.9.7">
  <category>
    <title>Data Sets</title>
    <title xml:lang="nl">Gegevensverzamelingen</title>
    <title xml:lang="sv">Dataset</title>
    <title xml:lang="zh_CN">数据集</title>
    <dataset>
      
      <title>!datasets!Elements</title>
      <title xml:lang="nl">Elementen</title>
      <title xml:lang="sv">Element</title>
      <title xml:lang="zh_CN">元素</title>
      <datafile>elements.xml</datafile>
      <names>r:atom</names>
      <names xml:lang="nl">atoom</names>
      <names xml:lang="zh_CN">r:atom</names>
      <object_argument>
        
        <title>!datasets!Element</title>
        <title xml:lang="sv">Element</title>
        <title xml:lang="zh_CN">元素</title>
      </object_argument>
      <property>
        <title>Symbol</title>
        <title xml:lang="nl">Symbool</title>
        <title xml:lang="sv">Symbol</title>
        <title xml:lang="zh_CN">符号</title>
	<type>text</type>
	<key>true</key>
        <names>r:symbol</names>
        <names xml:lang="nl">symbool</names>
        <names xml:lang="zh_CN">r:symbol</names>
      </property>
      <property>
        
        <title>!datasets!Number</title>
        <title xml:lang="nl">Getal</title>
        <title xml:lang="sv">Nummer</title>
        <title xml:lang="zh_CN">编号</title>
	<type>number</type>
	<key>true</key>
	
        <names>!datasets!r:number</names>
        <names xml:lang="nl">getal</names>
        <names xml:lang="sv">nummer</names>
        <names xml:lang="zh_CN">编号</names>
      </property>
      <property>
        <title>Name</title>
        <title xml:lang="nl">Naam</title>
        <title xml:lang="sv">Namn</title>
        <title xml:lang="zh_CN">名称</title>
	<type>text</type>
	<key>true</key>
        <names>r:name</names>
        <names xml:lang="nl">naam</names>
        <names xml:lang="sv">namn</names>
        <names xml:lang="zh_CN">r:name</names>
      </property>
      <property>
        <title>Classification</title>
        <title xml:lang="nl">Klassificatie</title>
        <title xml:lang="sv">Klassificering</title>
        <title xml:lang="zh_CN">分类</title>
	<description>A number representing an element group:&#10;1 Alkali Metal&#10;2 Alkaline-Earth Metal&#10;3 Lanthanide&#10;4 Actinide&#10;5 Transition Metal&#10;6 Metal&#10;7 Metalloid&#10;8 Non-Metal&#10;9 Halogen&#10;10 Noble Gas&#10;11 Transactinide</description>
	<description xml:lang="nl">Een getal vertegenwoordigt een groep van elementen: &#10;1 Alkalisch metaal&#10;2 Alkalischaardmetaal&#10;3 Lanthanide&#10;4 Actinide&#10;5 Overgangsmetaal&#10;6 Metaal&#10;7 Metalloïde&#10;8 Niet-metaal&#10;9 Halogeen&#10;10 Edelgas&#10;11 Transactinide</description>
	<description xml:lang="sv">Ett nummer som representerar en elementgrupp:&#10;1 Alkalimetall&#10;2 Jordalkalimetall&#10;3 Lantanid&#10;4 Aktinid&#10;5 Övergångsmetall&#10;6 Metall&#10;7 Halvmetall&#10;8 Icke-metall&#10;9 Halogen&#10;10 Ädelgas&#10;11 Transaktinid</description>
	<description xml:lang="zh_CN">一个代表元素族的数字: &#10;1 碱金属&#10;2 硷土金属 &#10;3 镧系元素&#10;4 锕系元素 &#10;5 过渡金属元素&#10;6 金属&#10;7 半金属元素 &#10;8 非金属 &#10;9 卤素&#10;10 惰性气体&#10;11 锕系后元素</description>
	<type>number</type>
        <names>r:class</names>
        <names xml:lang="nl">klasse</names>
        <names xml:lang="sv">klass</names>
        <names xml:lang="zh_CN">r:class</names>
      </property>
      <property>
        <title>Weight</title>
        <title xml:lang="nl">Gewicht</title>
        <title xml:lang="sv">Vikt</title>
        <title xml:lang="zh_CN">重量</title>
	<type>number</type>
	<brackets>true</brackets>
	<unit>AMU</unit>
	<approximate>true</approximate>
        <names>r:weight,mass</names>
        <names xml:lang="nl">gewicht,massa</names>
        <names xml:lang="sv">vikt,massa</names>
        <names xml:lang="zh_CN">r:weight,mass</names>
      </property>
      <property>
        <title>Boiling Point</title>
        <title xml:lang="nl">Kookpunt</title>
        <title xml:lang="sv">Kokpunkt</title>
        <title xml:lang="zh_CN">沸点</title>
	<type>number</type>
	<unit>K</unit>
	<approximate>true</approximate>
        <names>r:boiling</names>
        <names xml:lang="nl">kokend</names>
        <names xml:lang="sv">kokpunkt</names>
        <names xml:lang="zh_CN">r:boiling</names>
      </property>
      <property>
        <title>Melting Point</title>
        <title xml:lang="nl">Smeltpunt</title>
        <title xml:lang="sv">Smältpunkt</title>
        <title xml:lang="zh_CN">熔点</title>
	<type>number</type>
	<unit>K</unit>
	<approximate>true</approximate>
        <names>r:melting</names>
        <names xml:lang="nl">smeltend</names>
        <names xml:lang="sv">smältpunkt</names>
        <names xml:lang="zh_CN">r:melting</names>
      </property>
      <property>
        <title>Density</title>
        <title xml:lang="nl">Dichtheid</title>
        <title xml:lang="sv">Densitet</title>
        <title xml:lang="zh_CN">密度</title>
	<description>Density at 295K</description>
	<description xml:lang="nl">Dichtheid bij 295K</description>
	<description xml:lang="sv">Densitet vid 295K</description>
	<description xml:lang="zh_CN">295K时的密度</description>
	<type>number</type>
	<unit>g/cm^3</unit>
	<approximate>true</approximate>
        <names>r:density</names>
        <names xml:lang="nl">dichtheid</names>
        <names xml:lang="sv">densitet</names>
        <names xml:lang="zh_CN">r:density</names>
      </property>
      <property>
        <title>Ionization Potential</title>
        <title xml:lang="nl">Ionisatiepotentiaal</title>
        <title xml:lang="sv">Joniseringspotential</title>
        <title xml:lang="zh_CN">电离电位</title>
	<type>number</type>
	<unit>eV</unit>
	<approximate>true</approximate>
        <names>r:ionization</names>
        <names xml:lang="nl">ionisatie</names>
        <names xml:lang="sv">jonisering</names>
        <names xml:lang="zh_CN">r:ionization</names>
      </property>
      <property>
        <title>Covalent Radius</title>
        <title xml:lang="nl">Covalente straal</title>
        <title xml:lang="sv">Kovalent radie</title>
        <title xml:lang="zh_CN">共价半径</title>
	<type>number</type>
	<unit>&#xC5;</unit>
	<approximate>true</approximate>
        <names>r:covalent</names>
        <names xml:lang="nl">covalent</names>
        <names xml:lang="sv">kovalent</names>
        <names xml:lang="zh_CN">r:covalent</names>
      </property>
      <property>
        <title>X Position</title>
        <title xml:lang="nl">X Positie</title>
        <title xml:lang="zh_CN">X坐标</title>
	<type>number</type>
	<hidden>true</hidden>
        <names>r:x_pos</names>
        <names xml:lang="zh_CN">r:x_pos</names>
      </property>
      <property>
        <title>Y Position</title>
        <title xml:lang="nl">Y Positie</title>
        <title xml:lang="zh_CN">Y坐标</title>
	<type>number</type>
	<hidden>true</hidden>
        <names>r:y_pos</names>
        <names xml:lang="zh_CN">r:y_pos</names>
      </property>
    </dataset>
    <dataset>
      <title>Planets</title>
      <title xml:lang="nl">Planeten</title>
      <title xml:lang="sv">Planeter</title>
      <title xml:lang="zh_CN">行星</title>
      <datafile>planets.xml</datafile>
      <copyright>This data uses material from the Wikipedia articles&#10;"Earth" (http://www.wikipedia.org/wiki/Earth),&#10;"Jupiter (planet)" (http://www.wikipedia.org/wiki/Jupiter_(planet)),&#10;"Mars (planet)" (http://www.wikipedia.org/wiki/Mars_(planet)),&#10;"Mercury (planet)" (http://www.wikipedia.org/wiki/Mercury_(planet)),&#10;"Neptune (planet)" (http://www.wikipedia.org/wiki/Neptune_(planet)),&#10;"Pluto (planet)" (http://www.wikipedia.org/wiki/Pluto_(planet)),&#10;"Saturn (planet)" (http://www.wikipedia.org/wiki/Saturn_(planet)),&#10;"Uranus (planet)" (http://www.wikipedia.org/wiki/Uranus_(planet)), and&#10;"Venus (planet)" (http://en.wikipedia.org/wiki/Venus_(planet)),&#10;licensed under the GNU Free Documentation License (http://www.gnu.org/copyleft/fdl.html)</copyright>
      <names>r:planet</names>
      <names xml:lang="nl">planeet</names>
      <names xml:lang="zh_CN">r:planet</names>
      <object_argument>
        <title>Planet</title>
        <title xml:lang="nl">Planeet</title>
        <title xml:lang="zh_CN">行星</title>
      </object_argument>
      <property>
        <title>Name</title>
        <title xml:lang="nl">Naam</title>
        <title xml:lang="sv">Namn</title>
        <title xml:lang="zh_CN">名称</title>
	<type>text</type>
	<key>true</key>
        <names>r:name</names>
        <names xml:lang="nl">naam</names>
        <names xml:lang="sv">namn</names>
        <names xml:lang="zh_CN">r:name</names>
      </property>
      <property>
        <title>Orbital Period (Year)</title>
        <title xml:lang="nl">Omloopperiode (Jaar)</title>
        <title xml:lang="sv">Omkretstid (år)</title>
        <title xml:lang="zh_CN">轨道周期(年)</title>
	<type>number</type>
	<unit>d</unit>
	<approximate>true</approximate>
	
        <names>!datasets!r:year</names>
        <names xml:lang="nl">jaar</names>
        <names xml:lang="sv">år</names>
        <names xml:lang="zh_CN">年</names>
      </property>
      <property>
        <title>Average Orbital Speed</title>
        <title xml:lang="nl">Gemiddelde baansnelheid</title>
        <title xml:lang="sv">Genomsnittlig kretsloppshastighet</title>
        <title xml:lang="zh_CN">平均归到速度</title>
	<type>number</type>
	<unit>km/s</unit>
	<approximate>true</approximate>
        <names>r:speed</names>
        <names xml:lang="nl">snelheid</names>
        <names xml:lang="sv">hastighet</names>
        <names xml:lang="zh_CN">r:speed</names>
      </property>
      <property>
        <title>Eccentricity</title>
        <title xml:lang="nl">Excentriciteit</title>
        <title xml:lang="sv">Excentricitet</title>
        <title xml:lang="zh_CN">偏心率</title>
	<type>number</type>
	<approximate>true</approximate>
        <names>r:eccentricity</names>
        <names xml:lang="nl">excentriciteit</names>
        <names xml:lang="sv">excentricitet</names>
        <names xml:lang="zh_CN">r:eccentricity</names>
      </property>
      <property>
        <title>Inclination</title>
        <title xml:lang="nl">Inclinatie</title>
        <title xml:lang="sv">Inklination</title>
        <title xml:lang="zh_CN">倾角</title>
	<type>number</type>
	<approximate>true</approximate>
        <names>r:inclination</names>
        <names xml:lang="nl">inclinatie</names>
        <names xml:lang="sv">inklination</names>
        <names xml:lang="zh_CN">r:inclination</names>
      </property>
      <property>
        <title>Number of Satellites</title>
        <title xml:lang="nl">Aantal satellieten</title>
        <title xml:lang="sv">Antal satelliter</title>
        <title xml:lang="zh_CN">卫星个数</title>
	<type>number</type>
        <names>r:satellites</names>
        <names xml:lang="nl">satellieten</names>
        <names xml:lang="sv">satelliter</names>
        <names xml:lang="zh_CN">r:satellites</names>
      </property>
      <property>
        
        <title>!datasets!Mass</title>
        <title xml:lang="nl">Massa</title>
        <title xml:lang="sv">Massa</title>
        <title xml:lang="zh_CN">质量</title>
	<type>number</type>
	<unit>kg</unit>
	<approximate>true</approximate>
        <names>r:mass</names>
        <names xml:lang="nl">massa</names>
        <names xml:lang="sv">massa</names>
        <names xml:lang="zh_CN">r:mass</names>
      </property>
      <property>
        <title>Mean Density</title>
        <title xml:lang="nl">Gemiddelde dichtheid</title>
        <title xml:lang="sv">Genomsnittlig densitet</title>
        <title xml:lang="zh_CN">平均密度</title>
	<type>number</type>
	<unit>g/cm^3</unit>
	<approximate>true</approximate>
        <names>r:density</names>
        <names xml:lang="nl">dichtheid</names>
        <names xml:lang="sv">densitet</names>
        <names xml:lang="zh_CN">r:density</names>
      </property>
      <property>
        <title>Surface Area</title>
        <title xml:lang="nl">Oppervlak (3D)</title>
        <title xml:lang="sv">Ytarea</title>
        <title xml:lang="zh_CN">表面积</title>
	<type>number</type>
	<unit>km^2</unit>
	<approximate>true</approximate>
	
        <names>!datasets!r:area</names>
        <names xml:lang="nl">oppervlak</names>
        <names xml:lang="zh_CN">面积</names>
      </property>
      <property>
        <title>Equatorial Gravity</title>
        <title xml:lang="nl">Equatoriale zwaartekracht</title>
        <title xml:lang="sv">Ekvatoriell tyngdkraft</title>
        <title xml:lang="zh_CN">赤道重力</title>
	<type>number</type>
	<unit>m/s^2</unit>
	<approximate>true</approximate>
        <names>r:gravity</names>
        <names xml:lang="nl">zwaartekracht</names>
        <names xml:lang="sv">tyngdkraft</names>
        <names xml:lang="zh_CN">r:gravity</names>
      </property>
      <property>
        <title>Mean Surface Temperature</title>
        <title xml:lang="nl">Gemiddelde oppervlaktetemperatuur</title>
        <title xml:lang="sv">Genomsnittlig yttemperatur</title>
        <title xml:lang="zh_CN">平均表面温度</title>
	<type>number</type>
	<unit>K</unit>
	<approximate>true</approximate>
        <names>r:temperature</names>
        <names xml:lang="nl">temperatuur</names>
        <names xml:lang="sv">temperatur</names>
        <names xml:lang="zh_CN">r:temperature</names>
      </property>
    </dataset>
  </category>
</QALCULATE>