<?xml version="1.0" encoding="UTF-8"?>
<QALCULATE version="0.9.7">
  <object symbol="H" number="1">
    <name>Hydrogen</name>
    <name xml:lang="nl">Waterstof</name>
    <name xml:lang="sv">Väte</name>
    <name xml:lang="zh_CN">氢</name>
    <class>8</class>
    <weight>1.00794</weight>
    <boiling>20.28</boiling>
    <melting>13.81</melting>
    <density>0.000084</density>
    <ionization>13.5984</ionization>
    <covalent>0.37</covalent>
    <x_pos>1</x_pos>
    <y_pos>1</y_pos>
  </object>
  <object symbol="He" number="2">
    <name>Helium</name>
    <name xml:lang="nl">Helium</name>
    <name xml:lang="zh_CN">氦</name>
    <class>10</class>
    <weight>4.002602</weight>
    <boiling>4.216</boiling>
    <melting>0.95</melting>
    <density>0.0001785</density>
    <ionization>24.5874</ionization>
    <covalent>0.32</covalent>
    <x_pos>18</x_pos>
    <y_pos>1</y_pos>
  </object>
  <object symbol="Li" number="3">
    <name>Lithium</name>
    <name xml:lang="nl">Lithium</name>
    <name xml:lang="sv">Litium</name>
    <name xml:lang="zh_CN">锂</name>
    <class>1</class>
    <weight>6.941</weight>
    <boiling>1615</boiling>
    <melting>453.7</melting>
    <density>0.53</density>
    <ionization>5.3917</ionization>
    <covalent>1.34</covalent>
    <x_pos>1</x_pos>
    <y_pos>2</y_pos>
  </object>
  <object symbol="Be" number="4">
    <name>Beryllium</name>
    <name xml:lang="nl">Beryllium</name>
    <name xml:lang="zh_CN">铍</name>
    <class>2</class>
    <weight>9.012182</weight>
    <boiling>3243</boiling>
    <melting>1560</melting>
    <density>1.85</density>
    <ionization>9.3227</ionization>
    <covalent>0.90</covalent>
    <x_pos>2</x_pos>
    <y_pos>2</y_pos>
  </object>
  <object symbol="B" number="5">
    <name>Boron</name>
    <name xml:lang="nl">Boor</name>
    <name xml:lang="sv">Bor</name>
    <name xml:lang="zh_CN">硼</name>
    <class>7</class>
    <weight>10.811</weight>
    <boiling>4275</boiling>
    <melting>2365</melting>
    <density>2.46</density>
    <ionization>8.2980</ionization>
    <covalent>0.82</covalent>
    <x_pos>13</x_pos>
    <y_pos>2</y_pos>
  </object>
  <object symbol="C" number="6">
    <name>Carbon</name>
    <name xml:lang="nl">Koolstof</name>
    <name xml:lang="sv">Kol</name>
    <name xml:lang="zh_CN">碳</name>
    <class>8</class>
    <weight>12.0107</weight>
    <boiling>5100</boiling>
    <melting>3825</melting>
    <density>3.51</density>
    <ionization>11.2603</ionization>
    <covalent>0.77</covalent>
    <x_pos>14</x_pos>
    <y_pos>2</y_pos>
  </object>
  <object symbol="N" number="7">
    <name>Nitrogen</name>
    <name xml:lang="nl">Stikstof</name>
    <name xml:lang="sv">Kväve</name>
    <name xml:lang="zh_CN">氮</name>
    <class>8</class>
    <weight>14.00674</weight>
    <boiling>77.344</boiling>
    <melting>63.15</melting>
    <density>0.00117</density>
    <ionization>14.5341</ionization>
    <covalent>0.75</covalent>
    <x_pos>15</x_pos>
    <y_pos>2</y_pos>
  </object>
  <object symbol="O" number="8">
    <name>Oxygen</name>
    <name xml:lang="nl">Zuurstof</name>
    <name xml:lang="sv">Syre</name>
    <name xml:lang="zh_CN">氧</name>
    <class>8</class>
    <weight>15.9994</weight>
    <boiling>90.188</boiling>
    <melting>54.8</melting>
    <density>0.00133</density>
    <ionization>13.6181</ionization>
    <covalent>0.73</covalent>
    <x_pos>16</x_pos>
    <y_pos>2</y_pos>
  </object>
  <object symbol="F" number="9">
    <name>Fluorine</name>
    <name xml:lang="nl">Fluor</name>
    <name xml:lang="sv">Fluor</name>
    <name xml:lang="zh_CN">氟</name>
    <class>9</class>
    <weight>18.9984032</weight>
    <boiling>85</boiling>
    <melting>53.55</melting>
    <density>0.00158</density>
    <ionization>17.4228</ionization>
    <covalent>0.71</covalent>
    <x_pos>17</x_pos>
    <y_pos>2</y_pos>
  </object>
  <object symbol="Ne" number="10">
    <name>Neon</name>
    <name xml:lang="nl">Neon</name>
    <name xml:lang="zh_CN">氖</name>
    <class>10</class>
    <weight>20.1797</weight>
    <boiling>27.1</boiling>
    <melting>24.55</melting>
    <density>0.0008999</density>
    <ionization>21.5645</ionization>
    <covalent>0.69</covalent>
    <x_pos>18</x_pos>
    <y_pos>2</y_pos>
  </object>
  <object symbol="Na" number="11">
    <name>Sodium</name>
    <name xml:lang="nl">Natrium</name>
    <name xml:lang="sv">Natrium</name>
    <name xml:lang="zh_CN">钠</name>
    <class>1</class>
    <weight>22.989770</weight>
    <boiling>1156</boiling>
    <melting>371</melting>
    <density>0.97</density>
    <ionization>5.1391</ionization>
    <covalent>1.54</covalent>
    <x_pos>1</x_pos>
    <y_pos>3</y_pos>
  </object>
  <object symbol="Mg" number="12">
    <name>Magnesium</name>
    <name xml:lang="nl">Magnesium</name>
    <name xml:lang="zh_CN">镁</name>
    <class>2</class>
    <weight>24.3050</weight>
    <boiling>1380</boiling>
    <melting>922</melting>
    <density>1.74</density>
    <ionization>7.6462</ionization>
    <covalent>1.30</covalent>
    <x_pos>2</x_pos>
    <y_pos>3</y_pos>
  </object>
  <object symbol="Al" number="13">
    <name>Aluminum</name>
    <name xml:lang="nl">Aluminium</name>
    <name xml:lang="sv">Aluminium</name>
    <name xml:lang="zh_CN">铝</name>
    <class>6</class>
    <weight>26.981538</weight>
    <boiling>2740</boiling>
    <melting>933.5</melting>
    <density>2.7</density>
    <ionization>5.9858</ionization>
    <covalent>1.18</covalent>
    <x_pos>13</x_pos>
    <y_pos>3</y_pos>
  </object>
  <object symbol="Si" number="14">
    <name>Silicon</name>
    <name xml:lang="nl">Silicium</name>
    <name xml:lang="sv">Kisel</name>
    <name xml:lang="zh_CN">硅</name>
    <class>7</class>
    <weight>28.0855</weight>
    <boiling>2630</boiling>
    <melting>1683</melting>
    <density>2.33</density>
    <ionization>8.1517</ionization>
    <covalent>1.11</covalent>
    <x_pos>14</x_pos>
    <y_pos>3</y_pos>
  </object>
  <object symbol="P" number="15">
    <name>Phosphorus</name>
    <name xml:lang="nl">Fosfor</name>
    <name xml:lang="sv">Fosfor</name>
    <name xml:lang="zh_CN">磷</name>
    <class>8</class>
    <weight>30.973761</weight>
    <boiling>553</boiling>
    <melting>317.3</melting>
    <density>1.82</density>
    <ionization>10.4867</ionization>
    <covalent>1.06</covalent>
    <x_pos>15</x_pos>
    <y_pos>3</y_pos>
  </object>
  <object symbol="S" number="16">
    <name>Sulfur</name>
    <name xml:lang="nl">Zwavel</name>
    <name xml:lang="sv">Svavel</name>
    <name xml:lang="zh_CN">硫</name>
    <class>8</class>
    <weight>32.065</weight>
    <boiling>717.82</boiling>
    <melting>392.2</melting>
    <density>2.06</density>
    <ionization>10.3600</ionization>
    <covalent>1.02</covalent>
    <x_pos>16</x_pos>
    <y_pos>3</y_pos>
  </object>
  <object symbol="Cl" number="17">
    <name>Chlorine</name>
    <name xml:lang="nl">Chloor</name>
    <name xml:lang="sv">Klor</name>
    <name xml:lang="zh_CN">氯</name>
    <class>9</class>
    <weight>35.453</weight>
    <boiling>239.18</boiling>
    <melting>172.17</melting>
    <density>0.00295</density>
    <ionization>12.9676</ionization>
    <covalent>0.99</covalent>
    <x_pos>17</x_pos>
    <y_pos>3</y_pos>
  </object>
  <object symbol="Ar" number="18">
    <name>Argon</name>
    <name xml:lang="nl">Argon</name>
    <name xml:lang="zh_CN">氩</name>
    <class>10</class>
    <weight>39.948</weight>
    <boiling>87.45</boiling>
    <melting>83.95</melting>
    <density>0.00166</density>
    <ionization>15.7596</ionization>
    <covalent>0.97</covalent>
    <x_pos>18</x_pos>
    <y_pos>3</y_pos>
  </object>
  <object symbol="K" number="19">
    <name>Potassium</name>
    <name xml:lang="nl">Kalium</name>
    <name xml:lang="sv">Kalium</name>
    <name xml:lang="zh_CN">钾</name>
    <class>1</class>
    <weight>39.0983</weight>
    <boiling>1033</boiling>
    <melting>336.8</melting>
    <density>0.86</density>
    <ionization>4.3407</ionization>
    <covalent>1.96</covalent>
    <x_pos>1</x_pos>
    <y_pos>4</y_pos>
  </object>
  <object symbol="Ca" number="20">
    <name>Calcium</name>
    <name xml:lang="nl">Calcium</name>
    <name xml:lang="sv">Kalcium</name>
    <name xml:lang="zh_CN">钙</name>
    <class>2</class>
    <weight>40.078</weight>
    <boiling>1757</boiling>
    <melting>1112</melting>
    <density>1.54</density>
    <ionization>6.1132</ionization>
    <covalent>1.74</covalent>
    <x_pos>2</x_pos>
    <y_pos>4</y_pos>
  </object>
  <object symbol="Sc" number="21">
    <name>Scandium</name>
    <name xml:lang="nl">Scandium</name>
    <name xml:lang="sv">Skandium</name>
    <name xml:lang="zh_CN">钪</name>
    <class>5</class>
    <weight>44.955912</weight>
    <boiling>3109</boiling>
    <melting>1814</melting>
    <density>2.99</density>
    <ionization>6.5615</ionization>
    <covalent>1.44</covalent>
    <x_pos>3</x_pos>
    <y_pos>4</y_pos>
  </object>
  <object symbol="Ti" number="22">
    <name>Titanium</name>
    <name xml:lang="nl">Titaan</name>
    <name xml:lang="sv">Titan</name>
    <name xml:lang="zh_CN">钛</name>
    <class>5</class>
    <weight>47.867</weight>
    <boiling>3560</boiling>
    <melting>1935</melting>
    <density>4.51</density>
    <ionization>6.8281</ionization>
    <covalent>1.36</covalent>
    <x_pos>4</x_pos>
    <y_pos>4</y_pos>
  </object>
  <object symbol="V" number="23">
    <name>Vanadium</name>
    <name xml:lang="nl">Vanadium</name>
    <name xml:lang="sv">Vanadin</name>
    <name xml:lang="zh_CN">钒</name>
    <class>5</class>
    <weight>50.9415</weight>
    <boiling>3650</boiling>
    <melting>2163</melting>
    <density>6.09</density>
    <ionization>6.7462</ionization>
    <covalent>1.25</covalent>
    <x_pos>5</x_pos>
    <y_pos>4</y_pos>
  </object>
  <object symbol="Cr" number="24">
    <name>Chromium</name>
    <name xml:lang="nl">Chroom</name>
    <name xml:lang="sv">Krom</name>
    <name xml:lang="zh_CN">铬</name>
    <class>5</class>
    <weight>51.9961</weight>
    <boiling>2945</boiling>
    <melting>2130</melting>
    <density>7.14</density>
    <ionization>6.7665</ionization>
    <covalent>1.27</covalent>
    <x_pos>6</x_pos>
    <y_pos>4</y_pos>
  </object>
  <object symbol="Mn" number="25">
    <name>Manganese</name>
    <name xml:lang="nl">Mangaan</name>
    <name xml:lang="sv">Mangan</name>
    <name xml:lang="zh_CN">锰</name>
    <class>5</class>
    <weight>54.938049</weight>
    <boiling>2235</boiling>
    <melting>1518</melting>
    <density>7.44</density>
    <ionization>7.4340</ionization>
    <covalent>1.39</covalent>
    <x_pos>7</x_pos>
    <y_pos>4</y_pos>
  </object>
  <object symbol="Fe" number="26">
    <name>Iron</name>
    <name xml:lang="nl">IJzer</name>
    <name xml:lang="sv">Järn</name>
    <name xml:lang="zh_CN">铁</name>
    <class>5</class>
    <weight>55.845</weight>
    <boiling>3023</boiling>
    <melting>1808</melting>
    <density>7.874</density>
    <ionization>7.9024</ionization>
    <covalent>1.25</covalent>
    <x_pos>8</x_pos>
    <y_pos>4</y_pos>
  </object>
  <object symbol="Co" number="27">
    <name>Cobalt</name>
    <name xml:lang="nl">Kobalt</name>
    <name xml:lang="sv">Kobolt</name>
    <name xml:lang="zh_CN">钴</name>
    <class>5</class>
    <weight>58.933200</weight>
    <boiling>3143</boiling>
    <melting>1768</melting>
    <density>8.89</density>
    <ionization>7.8810</ionization>
    <covalent>1.26</covalent>
    <x_pos>9</x_pos>
    <y_pos>4</y_pos>
  </object>
  <object symbol="Ni" number="28">
    <name>Nickel</name>
    <name xml:lang="nl">Nikkel</name>
    <name xml:lang="zh_CN">镍</name>
    <class>5</class>
    <weight>58.6934</weight>
    <boiling>3005</boiling>
    <melting>1726</melting>
    <density>8.91</density>
    <ionization>7.6398</ionization>
    <covalent>1.21</covalent>
    <x_pos>10</x_pos>
    <y_pos>4</y_pos>
  </object>
  <object symbol="Cu" number="29">
    <name>Copper</name>
    <name xml:lang="nl">Koper</name>
    <name xml:lang="sv">Koppar</name>
    <name xml:lang="zh_CN">铜</name>
    <class>5</class>
    <weight>63.546</weight>
    <boiling>2840</boiling>
    <melting>1356.6</melting>
    <density>8.92</density>
    <ionization>7.7264</ionization>
    <covalent>1.38</covalent>
    <x_pos>11</x_pos>
    <y_pos>4</y_pos>
  </object>
  <object symbol="Zn" number="30">
    <name>Zinc</name>
    <name xml:lang="nl">Zink</name>
    <name xml:lang="sv">Zink</name>
    <name xml:lang="zh_CN">锌</name>
    <class>5</class>
    <weight>65.409</weight>
    <boiling>1180</boiling>
    <melting>692.73</melting>
    <density>7.14</density>
    <ionization>9.3942</ionization>
    <covalent>1.31</covalent>
    <x_pos>12</x_pos>
    <y_pos>4</y_pos>
  </object>
  <object symbol="Ga" number="31">
    <name>Gallium</name>
    <name xml:lang="nl">Gallium</name>
    <name xml:lang="zh_CN">镓</name>
    <class>6</class>
    <weight>69.723</weight>
    <boiling>2478</boiling>
    <melting>302.92</melting>
    <density>5.91</density>
    <ionization>5.9993</ionization>
    <covalent>1.26</covalent>
    <x_pos>13</x_pos>
    <y_pos>4</y_pos>
  </object>
  <object symbol="Ge" number="32">
    <name>Germanium</name>
    <name xml:lang="nl">Germanium</name>
    <name xml:lang="zh_CN">锗</name>
    <class>7</class>
    <weight>72.64</weight>
    <boiling>3107</boiling>
    <melting>1211.5</melting>
    <density>5.32</density>
    <ionization>7.8994</ionization>
    <covalent>1.22</covalent>
    <x_pos>14</x_pos>
    <y_pos>4</y_pos>
  </object>
  <object symbol="As" number="33">
    <name>Arsenic</name>
    <name xml:lang="nl">Arsenicum</name>
    <name xml:lang="sv">Arsenik</name>
    <name xml:lang="zh_CN">砷</name>
    <class>7</class>
    <weight>74.92160</weight>
    <boiling>876</boiling>
    <melting>1090</melting>
    <density>5.72</density>
    <ionization>9.7886</ionization>
    <covalent>1.19</covalent>
    <x_pos>15</x_pos>
    <y_pos>4</y_pos>
  </object>
  <object symbol="Se" number="34">
    <name>Selenium</name>
    <name xml:lang="nl">Selenium</name>
    <name xml:lang="sv">Selen</name>
    <name xml:lang="zh_CN">硒</name>
    <class>8</class>
    <weight>78.96</weight>
    <boiling>958</boiling>
    <melting>494</melting>
    <density>4.82</density>
    <ionization>9.7524</ionization>
    <covalent>1.16</covalent>
    <x_pos>16</x_pos>
    <y_pos>4</y_pos>
  </object>
  <object symbol="Br" number="35">
    <name>Bromine</name>
    <name xml:lang="nl">Broom</name>
    <name xml:lang="sv">Brom</name>
    <name xml:lang="zh_CN">溴</name>
    <class>9</class>
    <weight>79.904</weight>
    <boiling>331.85</boiling>
    <melting>265.95</melting>
    <density>3.14</density>
    <ionization>11.8138</ionization>
    <covalent>1.14</covalent>
    <x_pos>17</x_pos>
    <y_pos>4</y_pos>
  </object>
  <object symbol="Kr" number="36">
    <name>Krypton</name>
    <name xml:lang="nl">Krypton</name>
    <name xml:lang="zh_CN">氪</name>
    <class>10</class>
    <weight>83.798</weight>
    <boiling>120.85</boiling>
    <melting>116</melting>
    <density>0.00448</density>
    <ionization>13.9996</ionization>
    <covalent>1.10</covalent>
    <x_pos>18</x_pos>
    <y_pos>4</y_pos>
  </object>
  <object symbol="Rb" number="37">
    <name>Rubidium</name>
    <name xml:lang="nl">Rubidium</name>
    <name xml:lang="zh_CN">铷</name>
    <class>1</class>
    <weight>85.4678</weight>
    <boiling>961</boiling>
    <melting>312.63</melting>
    <density>1.53</density>
    <ionization>4.1771</ionization>
    <covalent>2.11</covalent>
    <x_pos>1</x_pos>
    <y_pos>5</y_pos>
  </object>
  <object symbol="Sr" number="38">
    <name>Strontium</name>
    <name xml:lang="nl">Strontium</name>
    <name xml:lang="zh_CN">锶</name>
    <class>2</class>
    <weight>87.62</weight>
    <boiling>1655</boiling>
    <melting>1042</melting>
    <density>2.63</density>
    <ionization>5.6949</ionization>
    <covalent>1.92</covalent>
    <x_pos>2</x_pos>
    <y_pos>5</y_pos>
  </object>
  <object symbol="Y" number="39">
    <name>Yttrium</name>
    <name xml:lang="nl">Yttrium</name>
    <name xml:lang="zh_CN">钇</name>
    <class>5</class>
    <weight>88.90585</weight>
    <boiling>3611</boiling>
    <melting>1795</melting>
    <density>4.47</density>
    <ionization>6.2173</ionization>
    <covalent>1.62</covalent>
    <x_pos>3</x_pos>
    <y_pos>5</y_pos>
  </object>
  <object symbol="Zr" number="40">
    <name>Zirconium</name>
    <name xml:lang="nl">Zirconium</name>
    <name xml:lang="sv">Zirkonium</name>
    <name xml:lang="zh_CN">锆</name>
    <class>5</class>
    <weight>91.224</weight>
    <boiling>4682</boiling>
    <melting>2128</melting>
    <density>6.51</density>
    <ionization>6.6339</ionization>
    <covalent>1.48</covalent>
    <x_pos>4</x_pos>
    <y_pos>5</y_pos>
  </object>
  <object symbol="Nb" number="41">
    <name>Niobium</name>
    <name xml:lang="nl">Niobium</name>
    <name xml:lang="sv">Niob</name>
    <name xml:lang="zh_CN">铌</name>
    <class>5</class>
    <weight>92.90638</weight>
    <boiling>5015</boiling>
    <melting>2742</melting>
    <density>8.58</density>
    <ionization>6.7589</ionization>
    <covalent>1.37</covalent>
    <x_pos>5</x_pos>
    <y_pos>5</y_pos>
  </object>
  <object symbol="Mo" number="42">
    <name>Molybdenum</name>
    <name xml:lang="nl">Molybdeen</name>
    <name xml:lang="sv">Molybden</name>
    <name xml:lang="zh_CN">钼</name>
    <class>5</class>
    <weight>95.94</weight>
    <boiling>4912</boiling>
    <melting>2896</melting>
    <density>10.28</density>
    <ionization>7.0924</ionization>
    <covalent>1.45</covalent>
    <x_pos>6</x_pos>
    <y_pos>5</y_pos>
  </object>
  <object symbol="Tc" number="43">
    <name>Technetium</name>
    <name xml:lang="nl">Technetium</name>
    <name xml:lang="sv">Teknetium</name>
    <name xml:lang="zh_CN">锝</name>
    <class>5</class>
    <weight>[98]</weight>
    <boiling>4538</boiling>
    <melting>2477</melting>
    <density>11.49</density>
    <ionization>7.28</ionization>
    <covalent>1.56</covalent>
    <x_pos>7</x_pos>
    <y_pos>5</y_pos>
  </object>
  <object symbol="Ru" number="44">
    <name>Ruthenium</name>
    <name xml:lang="nl">Ruthenium</name>
    <name xml:lang="sv">Rutenium</name>
    <name xml:lang="zh_CN">钌</name>
    <class>5</class>
    <weight>101.07</weight>
    <boiling>4425</boiling>
    <melting>2610</melting>
    <density>12.45</density>
    <ionization>7.3605</ionization>
    <covalent>1.26</covalent>
    <x_pos>8</x_pos>
    <y_pos>5</y_pos>
  </object>
  <object symbol="Rh" number="45">
    <name>Rhodium</name>
    <name xml:lang="nl">Rhodium</name>
    <name xml:lang="sv">Rodium</name>
    <name xml:lang="zh_CN">铑</name>
    <class>5</class>
    <weight>102.90550</weight>
    <boiling>3970</boiling>
    <melting>2236</melting>
    <density>12.41</density>
    <ionization>7.4589</ionization>
    <covalent>1.35</covalent>
    <x_pos>9</x_pos>
    <y_pos>5</y_pos>
  </object>
  <object symbol="Pd" number="46">
    <name>Palladium</name>
    <name xml:lang="nl">Palladium</name>
    <name xml:lang="zh_CN">钯</name>
    <class>5</class>
    <weight>106.42</weight>
    <boiling>3240</boiling>
    <melting>1825</melting>
    <density>12.02</density>
    <ionization>8.3369</ionization>
    <covalent>1.31</covalent>
    <x_pos>10</x_pos>
    <y_pos>5</y_pos>
  </object>
  <object symbol="Ag" number="47">
    <name>Silver</name>
    <name xml:lang="nl">Zilver</name>
    <name xml:lang="zh_CN">银</name>
    <class>5</class>
    <weight>107.8682</weight>
    <boiling>2436</boiling>
    <melting>1235.1</melting>
    <density>10.49</density>
    <ionization>7.5762</ionization>
    <covalent>1.53</covalent>
    <x_pos>11</x_pos>
    <y_pos>5</y_pos>
  </object>
  <object symbol="Cd" number="48">
    <name>Cadmium</name>
    <name xml:lang="nl">Cadmium</name>
    <name xml:lang="sv">Kadmium</name>
    <name xml:lang="zh_CN">镉</name>
    <class>5</class>
    <weight>112.411</weight>
    <boiling>1040</boiling>
    <melting>594.26</melting>
    <density>8.64</density>
    <ionization>8.9938</ionization>
    <covalent>1.48</covalent>
    <x_pos>12</x_pos>
    <y_pos>5</y_pos>
  </object>
  <object symbol="In" number="49">
    <name>Indium</name>
    <name xml:lang="nl">Indium</name>
    <name xml:lang="zh_CN">铟</name>
    <class>6</class>
    <weight>114.818</weight>
    <boiling>2350</boiling>
    <melting>429.78</melting>
    <density>7.31</density>
    <ionization>5.7864</ionization>
    <covalent>1.44</covalent>
    <x_pos>13</x_pos>
    <y_pos>5</y_pos>
  </object>
  <object symbol="Sn" number="50">
    <name>Tin</name>
    <name xml:lang="nl">Tin</name>
    <name xml:lang="sv">Tenn</name>
    <name xml:lang="zh_CN">锡</name>
    <class>6</class>
    <weight>118.710</weight>
    <boiling>2876</boiling>
    <melting>505.12</melting>
    <density>7.29</density>
    <ionization>7.3439</ionization>
    <covalent>1.41</covalent>
    <x_pos>14</x_pos>
    <y_pos>5</y_pos>
  </object>
  <object symbol="Sb" number="51">
    <name>Antimony</name>
    <name xml:lang="nl">Antimoon</name>
    <name xml:lang="sv">Antimon</name>
    <name xml:lang="zh_CN">锑</name>
    <class>7</class>
    <weight>121.760</weight>
    <boiling>1860</boiling>
    <melting>903.91</melting>
    <density>6.69</density>
    <ionization>8.6084</ionization>
    <covalent>1.38</covalent>
    <x_pos>15</x_pos>
    <y_pos>5</y_pos>
  </object>
  <object symbol="Te" number="52">
    <name>Tellurium</name>
    <name xml:lang="nl">Telluur</name>
    <name xml:lang="sv">Tellur</name>
    <name xml:lang="zh_CN">碲</name>
    <class>7</class>
    <weight>127.60</weight>
    <boiling>1261</boiling>
    <melting>722.72</melting>
    <density>6.25</density>
    <ionization>9.0096</ionization>
    <covalent>1.35</covalent>
    <x_pos>16</x_pos>
    <y_pos>5</y_pos>
  </object>
  <object symbol="I" number="53">
    <name>Iodine</name>
    <name xml:lang="nl">Jood</name>
    <name xml:lang="sv">Jod</name>
    <name xml:lang="zh_CN">碘</name>
    <class>9</class>
    <weight>126.90447</weight>
    <boiling>457.5</boiling>
    <melting>386.7</melting>
    <density>4.94</density>
    <ionization>10.4513</ionization>
    <covalent>1.33</covalent>
    <x_pos>17</x_pos>
    <y_pos>5</y_pos>
  </object>
  <object symbol="Xe" number="54">
    <name>Xenon</name>
    <name xml:lang="nl">Xenon</name>
    <name xml:lang="zh_CN">氙</name>
    <class>10</class>
    <weight>131.293</weight>
    <boiling>165.1</boiling>
    <melting>161.39</melting>
    <density>0.00449</density>
    <ionization>12.1298</ionization>
    <covalent>1.30</covalent>
    <x_pos>18</x_pos>
    <y_pos>5</y_pos>
  </object>
  <object symbol="Cs" number="55">
    <name>Cesium</name>
    <name xml:lang="nl">Cesium</name>
    <name xml:lang="zh_CN">铯</name>
    <class>1</class>
    <weight>132.90545</weight>
    <boiling>944</boiling>
    <melting>301.54</melting>
    <density>1.9</density>
    <ionization>3.8939</ionization>
    <covalent>2.25</covalent>
    <x_pos>1</x_pos>
    <y_pos>6</y_pos>
  </object>
  <object symbol="Ba" number="56">
    <name>Barium</name>
    <name xml:lang="nl">Barium</name>
    <name xml:lang="zh_CN">钡</name>
    <class>2</class>
    <weight>137.327</weight>
    <boiling>2078</boiling>
    <melting>1002</melting>
    <density>3.65</density>
    <ionization>5.2117</ionization>
    <covalent>1.98</covalent>
    <x_pos>2</x_pos>
    <y_pos>6</y_pos>
  </object>
  <object symbol="La" number="57">
    <name>Lanthanum</name>
    <name xml:lang="nl">Lanthaan</name>
    <name xml:lang="sv">Lantan</name>
    <name xml:lang="zh_CN">镧</name>
    <class>3</class>
    <weight>138.9055</weight>
    <boiling>3737</boiling>
    <melting>1191</melting>
    <density>6.16</density>
    <ionization>5.5769</ionization>
    <covalent>1.69</covalent>
    <x_pos>3</x_pos>
    <y_pos>9</y_pos>
  </object>
  <object symbol="Ce" number="58">
    <name>Cerium</name>
    <name xml:lang="nl">Cerium</name>
    <name xml:lang="zh_CN">铈</name>
    <class>3</class>
    <weight>140.116</weight>
    <boiling>3715</boiling>
    <melting>1071</melting>
    <density>6.77</density>
    <ionization>5.5387</ionization>
    <x_pos>4</x_pos>
    <y_pos>9</y_pos>
  </object>
  <object symbol="Pr" number="59">
    <name>Praseodymium</name>
    <name xml:lang="nl">Praseodymium</name>
    <name xml:lang="sv">Praseodym</name>
    <name xml:lang="zh_CN">镨</name>
    <class>3</class>
    <weight>140.90765</weight>
    <boiling>3785</boiling>
    <melting>1204</melting>
    <density>6.48</density>
    <ionization>5.473</ionization>
    <x_pos>5</x_pos>
    <y_pos>9</y_pos>
  </object>
  <object symbol="Nd" number="60">
    <name>Neodymium</name>
    <name xml:lang="nl">Neodymium</name>
    <name xml:lang="sv">Neodym</name>
    <name xml:lang="zh_CN">钕</name>
    <class>3</class>
    <weight>144.24</weight>
    <boiling>3347</boiling>
    <melting>1294</melting>
    <density>7</density>
    <ionization>5.5250</ionization>
    <x_pos>6</x_pos>
    <y_pos>9</y_pos>
  </object>
  <object symbol="Pm" number="61">
    <name>Promethium</name>
    <name xml:lang="nl">Promethium</name>
    <name xml:lang="sv">Prometium</name>
    <name xml:lang="zh_CN">钷</name>
    <class>3</class>
    <weight>[145]</weight>
    <boiling>3273</boiling>
    <melting>1315</melting>
    <density>7.22</density>
    <ionization>5.582</ionization>
    <x_pos>7</x_pos>
    <y_pos>9</y_pos>
  </object>
  <object symbol="Sm" number="62">
    <name>Samarium</name>
    <name xml:lang="nl">Samarium</name>
    <name xml:lang="zh_CN">钐</name>
    <class>3</class>
    <weight>150.36</weight>
    <boiling>2067</boiling>
    <melting>1347</melting>
    <density>7.54</density>
    <ionization>5.6437</ionization>
    <x_pos>8</x_pos>
    <y_pos>9</y_pos>
  </object>
  <object symbol="Eu" number="63">
    <name>Europium</name>
    <name xml:lang="nl">Europium</name>
    <name xml:lang="zh_CN">铕</name>
    <class>3</class>
    <weight>151.964</weight>
    <boiling>1800</boiling>
    <melting>1095</melting>
    <density>5.25</density>
    <ionization>5.6704</ionization>
    <x_pos>9</x_pos>
    <y_pos>9</y_pos>
  </object>
  <object symbol="Gd" number="64">
    <name>Gadolinium</name>
    <name xml:lang="nl">Gadolinium</name>
    <name xml:lang="sv">Gadolinium guld</name>
    <name xml:lang="zh_CN">钆</name>
    <class>3</class>
    <weight>157.25</weight>
    <boiling>3545</boiling>
    <melting>1585</melting>
    <density>7.89</density>
    <ionization>6.1498</ionization>
    <x_pos>10</x_pos>
    <y_pos>9</y_pos>
  </object>
  <object symbol="Tb" number="65">
    <name>Terbium</name>
    <name xml:lang="nl">Terbium</name>
    <name xml:lang="zh_CN">铽</name>
    <class>3</class>
    <weight>158.92534</weight>
    <boiling>3500</boiling>
    <melting>1629</melting>
    <density>8.25</density>
    <ionization>5.8638</ionization>
    <x_pos>11</x_pos>
    <y_pos>9</y_pos>
  </object>
  <object symbol="Dy" number="66">
    <name>Dysprosium</name>
    <name xml:lang="nl">Dysprosium</name>
    <name xml:lang="zh_CN">镝</name>
    <class>3</class>
    <weight>162.500</weight>
    <boiling>2840</boiling>
    <melting>1685</melting>
    <density>8.56</density>
    <ionization>5.9389</ionization>
    <x_pos>12</x_pos>
    <y_pos>9</y_pos>
  </object>
  <object symbol="Ho" number="67">
    <name>Holmium</name>
    <name xml:lang="nl">Holmium</name>
    <name xml:lang="zh_CN">钬</name>
    <class>3</class>
    <weight>164.93032</weight>
    <boiling>2968</boiling>
    <melting>1747</melting>
    <density>8.78</density>
    <ionization>6.0215</ionization>
    <x_pos>13</x_pos>
    <y_pos>9</y_pos>
  </object>
  <object symbol="Er" number="68">
    <name>Erbium</name>
    <name xml:lang="nl">Erbium</name>
    <name xml:lang="zh_CN">铒</name>
    <class>3</class>
    <weight>167.259</weight>
    <boiling>3140</boiling>
    <melting>1802</melting>
    <density>9.05</density>
    <ionization>6.1077</ionization>
    <x_pos>14</x_pos>
    <y_pos>9</y_pos>
  </object>
  <object symbol="Tm" number="69">
    <name>Thulium</name>
    <name xml:lang="nl">Thulium</name>
    <name xml:lang="sv">Tulium</name>
    <name xml:lang="zh_CN">铥</name>
    <class>3</class>
    <weight>168.93421</weight>
    <boiling>2223</boiling>
    <melting>1818</melting>
    <density>9.32</density>
    <ionization>6.1843</ionization>
    <x_pos>15</x_pos>
    <y_pos>9</y_pos>
  </object>
  <object symbol="Yb" number="70">
    <name>Ytterbium</name>
    <name xml:lang="nl">Ytterbium</name>
    <name xml:lang="zh_CN">镱</name>
    <class>3</class>
    <weight>173.04</weight>
    <boiling>1469</boiling>
    <melting>1092</melting>
    <density>9.32</density>
    <ionization>6.2542</ionization>
    <x_pos>16</x_pos>
    <y_pos>9</y_pos>
  </object>
  <object symbol="Lu" number="71">
    <name>Lutetium</name>
    <name xml:lang="nl">Lutetium</name>
    <name xml:lang="zh_CN">镥</name>
    <class>3</class>
    <weight>174.967</weight>
    <boiling>3668</boiling>
    <melting>1936</melting>
    <density>9.84</density>
    <ionization>5.4259</ionization>
    <covalent>1.60</covalent>
    <x_pos>3</x_pos>
    <y_pos>6</y_pos>
  </object>
  <object symbol="Hf" number="72">
    <name>Hafnium</name>
    <name xml:lang="nl">Hafnium</name>
    <name xml:lang="zh_CN">铪</name>
    <class>5</class>
    <weight>178.49</weight>
    <boiling>4875</boiling>
    <melting>2504</melting>
    <density>13.31</density>
    <ionization>6.8251</ionization>
    <covalent>1.50</covalent>
    <x_pos>4</x_pos>
    <y_pos>6</y_pos>
  </object>
  <object symbol="Ta" number="73">
    <name>Tantalum</name>
    <name xml:lang="nl">Tantaal</name>
    <name xml:lang="sv">Tantal</name>
    <name xml:lang="zh_CN">钽</name>
    <class>5</class>
    <weight>180.9479</weight>
    <boiling>5730</boiling>
    <melting>3293</melting>
    <density>16.68</density>
    <ionization>7.5496</ionization>
    <covalent>1.38</covalent>
    <x_pos>5</x_pos>
    <y_pos>6</y_pos>
  </object>
  <object symbol="W" number="74">
    <name>Tungsten</name>
    <name xml:lang="nl">Tungsten</name>
    <name xml:lang="sv">Volfram</name>
    <name xml:lang="zh_CN">钨</name>
    <class>5</class>
    <weight>183.84</weight>
    <boiling>5825</boiling>
    <melting>3695</melting>
    <density>19.26</density>
    <ionization>7.8640</ionization>
    <covalent>1.46</covalent>
    <x_pos>6</x_pos>
    <y_pos>6</y_pos>
  </object>
  <object symbol="Re" number="75">
    <name>Rhenium</name>
    <name xml:lang="nl">Rhenium</name>
    <name xml:lang="zh_CN">铼</name>
    <class>5</class>
    <weight>186.207</weight>
    <boiling>5870</boiling>
    <melting>3455</melting>
    <density>21.03</density>
    <ionization>7.8335</ionization>
    <covalent>1.59</covalent>
    <x_pos>7</x_pos>
    <y_pos>6</y_pos>
  </object>
  <object symbol="Os" number="76">
    <name>Osmium</name>
    <name xml:lang="nl">Osmium</name>
    <name xml:lang="zh_CN">锇</name>
    <class>5</class>
    <weight>190.23</weight>
    <boiling>5300</boiling>
    <melting>3300</melting>
    <density>22.61</density>
    <ionization>8.4382</ionization>
    <covalent>1.28</covalent>
    <x_pos>8</x_pos>
    <y_pos>6</y_pos>
  </object>
  <object symbol="Ir" number="77">
    <name>Iridium</name>
    <name xml:lang="nl">Iridium</name>
    <name xml:lang="zh_CN">铱</name>
    <class>5</class>
    <weight>192.217</weight>
    <boiling>4700</boiling>
    <melting>2720</melting>
    <density>22.65</density>
    <ionization>8.9670</ionization>
    <covalent>1.37</covalent>
    <x_pos>9</x_pos>
    <y_pos>6</y_pos>
  </object>
  <object symbol="Pt" number="78">
    <name>Platinum</name>
    <name xml:lang="nl">Platina</name>
    <name xml:lang="sv">Platina</name>
    <name xml:lang="zh_CN">铂</name>
    <class>5</class>
    <weight>195.078</weight>
    <boiling>4100</boiling>
    <melting>2042.1</melting>
    <density>21.45</density>
    <ionization>8.9588</ionization>
    <covalent>1.28</covalent>
    <x_pos>10</x_pos>
    <y_pos>6</y_pos>
  </object>
  <object symbol="Au" number="79">
    <name>Gold</name>
    <name xml:lang="nl">Goud</name>
    <name xml:lang="sv">Guld</name>
    <name xml:lang="zh_CN">金</name>
    <class>5</class>
    <weight>196.96655</weight>
    <boiling>3130</boiling>
    <melting>1337.58</melting>
    <density>19.32</density>
    <ionization>9.2255</ionization>
    <covalent>1.44</covalent>
    <x_pos>11</x_pos>
    <y_pos>6</y_pos>
  </object>
  <object symbol="Hg" number="80">
    
    <name>!elements!Mercury</name>
    <name xml:lang="nl">Kwik</name>
    <name xml:lang="sv">Kvicksilver</name>
    <name xml:lang="zh_CN">汞</name>
    <class>5</class>
    <weight>200.59</weight>
    <boiling>629.88</boiling>
    <melting>234.31</melting>
    <density>13.55</density>
    <ionization>10.4375</ionization>
    <covalent>1.49</covalent>
    <x_pos>12</x_pos>
    <y_pos>6</y_pos>
  </object>
  <object symbol="Tl" number="81">
    <name>Thallium</name>
    <name xml:lang="nl">Thallium</name>
    <name xml:lang="sv">Tallium</name>
    <name xml:lang="zh_CN">铊</name>
    <class>6</class>
    <weight>204.3833</weight>
    <boiling>1746</boiling>
    <melting>577</melting>
    <density>11.85</density>
    <ionization>6.1082</ionization>
    <covalent>1.48</covalent>
    <x_pos>13</x_pos>
    <y_pos>6</y_pos>
  </object>
  <object symbol="Pb" number="82">
    <name>Lead</name>
    <name xml:lang="nl">Lood</name>
    <name xml:lang="sv">Bly</name>
    <name xml:lang="zh_CN">铅</name>
    <class>6</class>
    <weight>207.2</weight>
    <boiling>2023</boiling>
    <melting>600.65</melting>
    <density>11.34</density>
    <ionization>7.4167</ionization>
    <covalent>1.47</covalent>
    <x_pos>14</x_pos>
    <y_pos>6</y_pos>
  </object>
  <object symbol="Bi" number="83">
    <name>Bismuth</name>
    <name xml:lang="nl">Bismut</name>
    <name xml:lang="sv">Vismut</name>
    <name xml:lang="zh_CN">铋</name>
    <class>6</class>
    <weight>208.98038</weight>
    <boiling>1837</boiling>
    <melting>544.59</melting>
    <density>9.8</density>
    <ionization>7.2855</ionization>
    <covalent>1.46</covalent>
    <x_pos>15</x_pos>
    <y_pos>6</y_pos>
  </object>
  <object symbol="Po" number="84">
    <name>Polonium</name>
    <name xml:lang="nl">Polonium</name>
    <name xml:lang="zh_CN">钋</name>
    <class>7</class>
    <weight>[209]</weight>
    <boiling>1235</boiling>
    <melting>527</melting>
    <density>9.2</density>
    <ionization>8.414</ionization>
    <x_pos>16</x_pos>
    <y_pos>6</y_pos>
  </object>
  <object symbol="At" number="85">
    <name>Astatine</name>
    <name xml:lang="nl">Astatine</name>
    <name xml:lang="sv">Astat</name>
    <name xml:lang="zh_CN">砹</name>
    <class>9</class>
    <weight>[210]</weight>
    <boiling>211.4</boiling>
    <melting>575</melting>
    <ionization>9.5</ionization>
    <x_pos>17</x_pos>
    <y_pos>6</y_pos>
  </object>
  <object symbol="Rn" number="86">
    <name>Radon</name>
    <name xml:lang="nl">Radon</name>
    <name xml:lang="zh_CN">氡</name>
    <class>10</class>
    <weight>[222]</weight>
    <boiling>211.4</boiling>
    <melting>202</melting>
    <density>0.00923</density>
    <ionization>10.7485</ionization>
    <covalent>1.45</covalent>
    <x_pos>18</x_pos>
    <y_pos>6</y_pos>
  </object>
  <object symbol="Fr" number="87">
    <name>Francium</name>
    <name xml:lang="nl">Francium</name>
    <name xml:lang="zh_CN">钫</name>
    <class>1</class>
    <weight>[223]</weight>
    <boiling>950</boiling>
    <melting>300</melting>
    <ionization>4.0727</ionization>
    <x_pos>1</x_pos>
    <y_pos>7</y_pos>
  </object>
  <object symbol="Ra" number="88">
    <name>Radium</name>
    <name xml:lang="nl">Radium</name>
    <name xml:lang="zh_CN">镭</name>
    <class>2</class>
    <weight>[226]</weight>
    <boiling>1413</boiling>
    <melting>973</melting>
    <density>5.5</density>
    <ionization>5.2784</ionization>
    <x_pos>2</x_pos>
    <y_pos>7</y_pos>
  </object>
  <object symbol="Ac" number="89">
    <name>Actinium</name>
    <name xml:lang="nl">Actinium</name>
    <name xml:lang="sv">Aktinium</name>
    <name xml:lang="zh_CN">锕</name>
    <class>4</class>
    <weight>[227]</weight>
    <boiling>3470</boiling>
    <melting>1324</melting>
    <density>10.07</density>
    <ionization>5.17</ionization>
    <x_pos>3</x_pos>
    <y_pos>10</y_pos>
  </object>
  <object symbol="Th" number="90">
    <name>Thorium</name>
    <name xml:lang="nl">Thorium</name>
    <name xml:lang="sv">Torium</name>
    <name xml:lang="zh_CN">钍</name>
    <class>4</class>
    <weight>232.0381</weight>
    <boiling>5060</boiling>
    <melting>2028</melting>
    <density>11.72</density>
    <ionization>6.3067</ionization>
    <x_pos>4</x_pos>
    <y_pos>10</y_pos>
  </object>
  <object symbol="Pa" number="91">
    <name>Protactinium</name>
    <name xml:lang="nl">Protactinium</name>
    <name xml:lang="sv">Protaktinium</name>
    <name xml:lang="zh_CN">镤</name>
    <class>4</class>
    <weight>231.03588</weight>
    <boiling>4300</boiling>
    <melting>1845</melting>
    <density>15.37</density>
    <ionization>5.89</ionization>
    <x_pos>5</x_pos>
    <y_pos>10</y_pos>
  </object>
  <object symbol="U" number="92">
    <name>Uranium</name>
    <name xml:lang="nl">Uraan</name>
    <name xml:lang="sv">Uran</name>
    <name xml:lang="zh_CN">铀</name>
    <class>4</class>
    <weight>238.02891</weight>
    <boiling>4407</boiling>
    <melting>1408</melting>
    <density>18.97</density>
    <ionization>6.1941</ionization>
    <x_pos>6</x_pos>
    <y_pos>10</y_pos>
  </object>
  <object symbol="Np" number="93">
    <name>Neptunium</name>
    <name xml:lang="nl">Neptunium</name>
    <name xml:lang="zh_CN">镎</name>
    <class>4</class>
    <weight>[237]</weight>
    <boiling>4175</boiling>
    <melting>912</melting>
    <density>20.48</density>
    <ionization>6.2657</ionization>
    <x_pos>7</x_pos>
    <y_pos>10</y_pos>
  </object>
  <object symbol="Pu" number="94">
    <name>Plutonium</name>
    <name xml:lang="nl">Plutonium</name>
    <name xml:lang="zh_CN">钚</name>
    <class>4</class>
    <weight>[244]</weight>
    <boiling>3505</boiling>
    <melting>913</melting>
    <density>19.74</density>
    <ionization>6.0260</ionization>
    <x_pos>8</x_pos>
    <y_pos>10</y_pos>
  </object>
  <object symbol="Am" number="95">
    <name>Americium</name>
    <name xml:lang="nl">Americium</name>
    <name xml:lang="zh_CN">镅</name>
    <class>4</class>
    <weight>[243]</weight>
    <boiling>2880</boiling>
    <melting>1449</melting>
    <density>13.67</density>
    <ionization>5.9738</ionization>
    <x_pos>9</x_pos>
    <y_pos>10</y_pos>
  </object>
  <object symbol="Cm" number="96">
    <name>Curium</name>
    <name xml:lang="nl">Curium</name>
    <name xml:lang="zh_CN">锔</name>
    <class>4</class>
    <weight>[247]</weight>
    <boiling>3383</boiling>
    <melting>1620</melting>
    <density>13.51</density>
    <ionization>5.9914</ionization>
    <x_pos>10</x_pos>
    <y_pos>10</y_pos>
  </object>
  <object symbol="Bk" number="97">
    <name>Berkelium</name>
    <name xml:lang="nl">Berkelium</name>
    <name xml:lang="zh_CN">锫</name>
    <class>4</class>
    <weight>[247]</weight>
    <melting>1258</melting>
    <density>13.25</density>
    <ionization>6.1979</ionization>
    <x_pos>11</x_pos>
    <y_pos>10</y_pos>
  </object>
  <object symbol="Cf" number="98">
    <name>Californium</name>
    <name xml:lang="nl">Californium</name>
    <name xml:lang="zh_CN">锎</name>
    <class>4</class>
    <weight>[251]</weight>
    <melting>1172</melting>
    <density>15.1</density>
    <ionization>6.2817</ionization>
    <x_pos>12</x_pos>
    <y_pos>10</y_pos>
  </object>
  <object symbol="Es" number="99">
    <name>Einsteinium</name>
    <name xml:lang="nl">Einsteinium</name>
    <name xml:lang="zh_CN">锿</name>
    <class>4</class>
    <weight>[252]</weight>
    <melting>1130</melting>
    <density>8.84</density>
    <ionization>6.42</ionization>
    <x_pos>13</x_pos>
    <y_pos>10</y_pos>
  </object>
  <object symbol="Fm" number="100">
    <name>Fermium</name>
    <name xml:lang="nl">Fermium</name>
    <name xml:lang="zh_CN">镄</name>
    <class>4</class>
    <weight>[257]</weight>
    <melting>1800</melting>
    <ionization>6.50</ionization>
    <x_pos>14</x_pos>
    <y_pos>10</y_pos>
  </object>
  <object symbol="Md" number="101">
    <name>Mendelevium</name>
    <name xml:lang="nl">Mendelevium</name>
    <name xml:lang="zh_CN">钔</name>
    <class>4</class>
    <weight>[258]</weight>
    <melting>1100</melting>
    <ionization>6.58</ionization>
    <x_pos>15</x_pos>
    <y_pos>10</y_pos>
  </object>
  <object symbol="No" number="102">
    <name>Nobelium</name>
    <name xml:lang="nl">Nobelium</name>
    <name xml:lang="zh_CN">锘</name>
    <class>4</class>
    <weight>[259]</weight>
    <melting>1100</melting>
    <ionization>6.65</ionization>
    <x_pos>16</x_pos>
    <y_pos>10</y_pos>
  </object>
  <object symbol="Lr" number="103">
    <name>Lawrencium</name>
    <name xml:lang="nl">Lawrencium</name>
    <name xml:lang="zh_CN">铹</name>
    <class>4</class>
    <weight>[262]</weight>
    <melting>1900</melting>
    <ionization>4.9</ionization>
    <x_pos>3</x_pos>
    <y_pos>7</y_pos>
  </object>
  <object symbol="Rf" number="104">
    <name>Rutherfordium</name>
    <name xml:lang="nl">Rutherfordium</name>
    <class>11</class>
    <weight>[261]</weight>
    <ionization>6.0</ionization>
    <x_pos>4</x_pos>
    <y_pos>7</y_pos>
  </object>
  <object symbol="Db" number="105">
    <name>Dubnium</name>
    <name xml:lang="nl">Dubnium</name>
    <class>11</class>
    <weight>[262]</weight>
    <x_pos>5</x_pos>
    <y_pos>7</y_pos>
  </object>
  <object symbol="Sg" number="106">
    <name>Seaborgium</name>
    <name xml:lang="nl">Seaborgium</name>
    <class>11</class>
    <weight>[266]</weight>
    <x_pos>6</x_pos>
    <y_pos>7</y_pos>
  </object>
  <object symbol="Bh" number="107">
    <name>Bohrium</name>
    <name xml:lang="nl">Bohrium</name>
    <class>11</class>
    <weight>[264]</weight>
    <x_pos>7</x_pos>
    <y_pos>7</y_pos>
  </object>
  <object symbol="Hs" number="108">
    <name>Hassium</name>
    <name xml:lang="nl">Hassium</name>
    <class>11</class>
    <weight>[269]</weight>
    <x_pos>8</x_pos>
    <y_pos>7</y_pos>
  </object>
  <object symbol="Mt" number="109">
    <name>Meitnerium</name>
    <name xml:lang="nl">Meitnerium</name>
    <class>11</class>
    <weight>[268]</weight>
    <x_pos>9</x_pos>
    <y_pos>7</y_pos>
  </object>
  <object symbol="Ds" number="110">
    <name>Darmstadtium</name>
    <name xml:lang="nl">Darmstadtium</name>
    <class>11</class>
    <weight>[271]</weight>
    <x_pos>10</x_pos>
    <y_pos>7</y_pos>
  </object>
  <object symbol="Rg" number="111">
    <name>Roentgenium</name>
    <name xml:lang="nl">Roentgenium</name>
    <class>11</class>
    <weight>[272]</weight>
    <x_pos>11</x_pos>
    <y_pos>7</y_pos>
  </object>
  <object symbol="Uub" number="112">
    <name>Ununbium</name>
    <name xml:lang="nl">Ununbium</name>
    <class>11</class>
    <weight>[285]</weight>
    <x_pos>12</x_pos>
    <y_pos>7</y_pos>
  </object>
  <object symbol="Uut" number="113">
    <name>Ununtrium</name>
    <name xml:lang="nl">Ununtrium</name>
    <class>11</class>
    <weight>[284]</weight>
    <x_pos>13</x_pos>
    <y_pos>7</y_pos>
  </object>
  <object symbol="Uuq" number="114">
    <name>Ununquadium</name>
    <name xml:lang="nl">Ununquadium</name>
    <class>11</class>
    <weight>[289]</weight>
    <x_pos>14</x_pos>
    <y_pos>7</y_pos>
  </object>
  <object symbol="Uup" number="115">
    <name>Ununpentium</name>
    <name xml:lang="nl">Ununpentium</name>
    <class>11</class>
    <weight>[288]</weight>
    <x_pos>15</x_pos>
    <y_pos>7</y_pos>
  </object>
  <object symbol="Uuh" number="116">
    <name>Ununhexium</name>
    <name xml:lang="nl">Ununhexium</name>
    <class>11</class>
    <weight>[292]</weight>
    <x_pos>16</x_pos>
    <y_pos>7</y_pos>
  </object>
  <object symbol="Uus" number="117">
    <name>Ununseptium</name>
    <name xml:lang="nl">Ununseptium</name>
    <class>11</class>
    <x_pos>17</x_pos>
    <y_pos>7</y_pos>
  </object>
  <object symbol="Uuo" number="118">
    <name>Ununoctium</name>
    <name xml:lang="nl">Ununoctium</name>
    <class>11</class>
    <x_pos>18</x_pos>
    <y_pos>7</y_pos>
  </object>
</QALCULATE>